﻿{
  "_import": "/Layouts/List/Breakpoints.Medium.json",
  "breakpoints": [
    {
      "maxwidth": "500",
      "properties": {
        "itemsHeight": "240",
        "imageHeight": "120",
        "titleMaxLines": "2"
      }
    },
    {
      "maxwidth": "1128",
      "properties": {
        "itemsHeight": "240",
        "imageHeight": "120",
        "titleMaxLines": "2"
      }
    },
    {
      "maxwidth": "1386",
      "properties": {
        "itemsHeight": "280",
        "imageHeight": "160",
        "titleMaxLines": "2"
      }
    },
    {
      "maxwidth": "1710",
      "properties": {
        "itemsHeight": "350",
        "imageHeight": "210",
        "titleMaxLines": "2"
      }
    },
    {
      "maxwidth": "*",
      "properties": {
        "itemsHeight": "400",
        "imageHeight": "240",
        "titleMaxLines": "3"
      }
    }
  ]
}
